﻿designator,quantity,value,pack,mpn,mount_type
"J1, J2, J3",3,Conn_01x02_Socket,PinHeader_1x02_P2.54mm_Vertical,,tht
J5,1,Conn_01x03_Socket,PinHeader_1x03_P2.54mm_Vertical,,tht
"Q1, Q2",2,BC548C,TO92250P510H770-3,,tht
"R1, R2, R3, R4, R5, R6",6,100K,R_0201_0603Metric,,smt
"R10, R7, R9",3,20K,R_0201_0603Metric,,smt
"R11, R12, R13",3,10K,R_0201_0603Metric,,smt
"R14, R15",2,100,R_0201_0603Metric,,smt
R16,1,1K,R_0201_0603Metric,,smt
R8,1,82K,R_0201_0603Metric,,smt
"RV1, RV2",2,100K,PinHeader_1x03_P2.54mm_Vertical,,tht
U2,1,TL072,DIP-8_W7.62mm_Socket,,tht
