﻿pos_x,pos_y,rotation,side,designator,mpn,pack,value,mount_type,place
104.14,-71.12,0.0,top,J1,,PinHeader_1x02_P2.54mm_Vertical,Conn_01x02_Socket,tht,True
104.14,-53.34,0.0,top,J2,,PinHeader_1x02_P2.54mm_Vertical,Conn_01x02_Socket,tht,True
136.86,-67.31,0.0,top,J3,,PinHeader_1x02_P2.54mm_Vertical,Conn_01x02_Socket,tht,True
116.84,-43.18,90.0,top,J5,,PinHeader_1x03_P2.54mm_Vertical,Conn_01x03_Socket,tht,True
119.08,-53.3,-90.0,top,Q1,,TO92250P510H770-3,BC548C,tht,True
126.96,-53.34,-90.0,top,Q2,,TO92250P510H770-3,BC548C,tht,True
110.825,-62.865,0.0,top,R1,,R_0201_0603Metric,100K,smt,True
123.21,-48.895,0.0,top,R10,,R_0201_0603Metric,20K,smt,True
118.445,-62.52,-90.0,top,R11,,R_0201_0603Metric,10K,smt,True
113.71,-49.53,0.0,top,R12,,R_0201_0603Metric,10K,smt,True
125.43,-62.23,-90.0,top,R13,,R_0201_0603Metric,10K,smt,True
122.255,-59.055,90.0,top,R14,,R_0201_0603Metric,100,smt,True
111.76,-56.225,90.0,top,R15,,R_0201_0603Metric,100,smt,True
132.415,-69.85,0.0,top,R16,,R_0201_0603Metric,1K,smt,True
109.22,-71.12,0.0,top,R2,,R_0201_0603Metric,100K,smt,True
109.22,-53.34,0.0,top,R3,,R_0201_0603Metric,100K,smt,True
119.425,-79.375,180.0,top,R4,,R_0201_0603Metric,100K,smt,True
127.655,-72.39,90.0,top,R5,,R_0201_0603Metric,100K,smt,True
130.165,-46.355,0.0,top,R6,,R_0201_0603Metric,100K,smt,True
110.48,-60.325,180.0,top,R7,,R_0201_0603Metric,20K,smt,True
111.44,-68.58,0.0,top,R8,,R_0201_0603Metric,82K,smt,True
116.54,-48.26,-90.0,top,R9,,R_0201_0603Metric,20K,smt,True
107.015,-60.34,0.0,top,RV1,,PinHeader_1x03_P2.54mm_Vertical,100K,tht,True
134.32,-48.895,180.0,top,RV2,,PinHeader_1x03_P2.54mm_Vertical,100K,tht,True
115.58,-68.58,0.0,top,U2,,DIP-8_W7.62mm_Socket,TL072,tht,True
